Address,Incident Type,District and  Zone,Neighborhood
868 PANSY AVE,AGGRAVATED ASSAULT,4B,U
1448 BERKNER AVE,AUTO THEFT,3C,BC
3808 FAIRMONT AVE,RESIDENTIAL BURGLARY,3C,VW
1841 SWAN DR,RESIDENTIAL BURGLARY,4B,AT
2566 RIVERSIDE DR,COMMERCIAL BURGLARY,3B,RV
230 DAFFODIL ST,RESIDENTIAL BURGLARY,4B,U
2131 SYCAMORE ST,ENTERING AUTOMOBILE,3B,PH
3435 VINEVILLE AVE,AUTO THEFT,3C,I
180 FLORIDA AVE,RESIDENTIAL BURGLARY,3C,V
1346 CRAWFORD ST,RESIDENTIAL BURGLARY,4B,AT
ELPIS ST  / LILLY AVE,AUTO THEFT,4B,U
508 FERNCLIFF TER,ENTERING AUTOMOBILE,3B,NW
375 HORTMAN AVE,ENTERING AUTOMOBILE,4B,U
2194 NEAL AVE,AGGRAVATED ASSAULT,3A,PH
480 CLAIRE PL,ENTERING AUTOMOBILE,3B,I
295 MOUGHON ST,AGGRAVATED ASSAULT,3B,PH
2950 RIVERSIDE DR,AUTO THEFT,3B,RV
480 GENERAL WINSHIP DR S,ENTERING AUTOMOBILE,3B,NW
2014 RIVERSIDE DR,COMMERCIAL BURGLARY,3B,RV
3367 MARY DR,AGGRAVATED ASSAULT,3C,HH
382 GRANT AVE,AGGRAVATED ASSAULT,3B,PH
1320 BURTON AVE,RESIDENTIAL BURGLARY,3C,B
BRENTWOOD AVE  / NAPIER AVE,AGGRAVATED ASSAULT,3C,BC
130 TYRONE BLVD,ARSON,3B,I
2720 RIVERSIDE DR,ENTERING AUTOMOBILE,3B,RV
3780 GRAND AVE,RESIDENTIAL BURGLARY,3C,VW
3346 SHAW DR,RESIDENTIAL BURGLARY,3C,HH
ERNEST ST / AJAX ST,STREET ROBBERY,3C,BC
520 SUGARLOAF DR,ENTERING AUTOMOBILE,4C,NW
461 FOREST HILL RD,ENTERING AUTOMOBILE,3B,I
2580 RIVERSIDE DR,AGGRAVATED ASSAULT,3B,RV
137 WARD ST,RESIDENTIAL BURGLARY,3B,PH
2831 ROY ST,HOMICIDE,3C,CH
2900 RIVERSIDE DR,COMMERCIAL BURGLARY,3B,RV
2155 FERGUSON ST,HOMICIDE,3C,PH
2644 RIVERSIDE DR,COMMERCIAL ROBBERY,3B,RV
2644 RIVERSIDE DR,COMMERCIAL ROBBERY,3B,RV
2644 RIVERSIDE DR,COMMERCIAL ROBBERY,3B,RV
3253 MERCER UNIVERSITY DR,COMMERCIAL BURGLARY,4B,B
3003 VINEVILLE AVE,COMMERCIAL BURGLARY,3C,I
1990 RIVERSIDE DR,AGGRAVATED ASSAULT,3B,RV
1390 PIO NONO AVE,COMMERCIAL ROBBERY,3C,U
343 PIO NONO AVE,AUTO THEFT,3C,V
888 PIERCE AVE,COMMERCIAL ROBBERY,3B, NW
3766 OVERLOOK DR,RESIDENTIAL BURGLARY,3B,I
3264 SHARON DR,RESIDENTIAL BURGLARY,3B,B
PATTERSON ST  / NAPIER AVE,AGGRAVATED ASSAULT,3C,NH
1800 PIO NONO AVE,AUTO THEFT,4B,U
2810 CHERRY AVE,AUTO THEFT,5D,BC
575 BAXTER AVE,AGGRAVATED ASSAULT,3C,PH
2870 COLUMBUS RD,RESIDENTIAL BURGLARY,4B,U
140 PRENTICE PL,AUTO THEFT,3B,VW
3163 GEORGIA PL,RESIDENTIAL BURGLARY,3C,B
PIO NONO AVE  / MONTPELIER AVE,AGGRAVATED ASSAULT,4B,U
2255 ANTHONY RD,ENTERING AUTOMOBILE,4B,U
3109 HILLCREST AVE,COMMERCIAL BURGLARY,3C,HH
153 LAKE TERRACE CT,AUTO THEFT,3C,VW
1689 EISENHOWER PKWY,COMMERCIAL BURGLARY,4B,AT
3722 GRAND AVE,AUTO THEFT,3C,VW
948 PATTERSON ST,HOMICIDE,3C,NH
152 ROGERS AVE,ENTERING AUTOMOBILE,3B,VW
133 LAKE TERRACE CT,ENTERING AUTOMOBILE,3C,VW
1922 RIVERSIDE DR,COMMERCIAL BURGLARY,3B,RV
626 CARNATION ST,AGGRAVATED ASSAULT,4B,U
2714 MONTPELIER AVE,AGGRAVATED ASSAULT,4B,U
ANTHONY RD  / KEY ST,AUTO THEFT,4A,U
888 PIERCE AVE,COMMERCIAL BURGLARY,3B,NW
2760 MONTPELIER AVE,AUTO THEFT,4B,U
1890 COLEMAN AVE,AGGRAVATED ASSAULT,3C,NH
738 PIO NONO AVE,COMMERCIAL BURGLARY,3C,NH
3576 HILLCREST AVE,ENTERING AUTOMOBILE,3C,HH
182 PIO NONO AVE,ENTERING AUTOMOBILE,3C,V
2155 FERGUSON ST,AGGRAVATED ASSAULT,3B,PH
3408 RIDGE AVE,ENTERING AUTOMOBILE,3B,I
162 BUCKINGHAM PL,ENTERING AUTOMOBILE,3C,V
1016 BIRCH ST,AUTO THEFT,3C,NH
2580 RIVERSIDE DR,ENTERING AUTOMOBILE,3B,RV
3355 MARY DR,STREET ROBBERY,3C,HH
888 PIERCE AVE,COMMERCIAL BURGLARY,3B,NW
1711 KEY ST,ENTERING AUTOMOBILE,4B,AT
3267 VINEVILLE AVE,COMMERCIAL BURGLARY,3B,I
1787 WREN AVE,AUTO THEFT,4B,AT
2020 VINEVILLE AVE,ENTERING AUTOMOBILE,3B,V
1995 THIRD AVE,ENTERING AUTOMOBILE,3B,PH
1786 WREN AVE,AGGRAVATED ASSAULT,4B,AT
3356 SEATON DR,ENTERING AUTOMOBILE,3C,B
1345 DUKESWELL CT,ENTERING AUTOMOBILE,3C,B
144 BEVERLY PL,ENTERING AUTOMOBILE,3C,V
2400 RIVERSIDE DR,AUTO THEFT,3B,RV
246 DAFFODIL ST,AGGRAVATED ASSAULT,4B,U
981 HILLCREST BLVD,COMMERCIAL BURGLARY,3C,HH
3989 NAPIER AVE,AGGRAVATED ASSAULT,3C,VW
3834 MERCER ST,RESIDENTIAL BURGLARY,3C,B
2596 N PIERCE CIR,ARSON,3B,NW
2596 N PIERCE CIR,AUTO THEFT,3B,NW
2760 MONTPELIER AVE,AUTO THEFT,4B,U
159 WARD ST,ARSON,3B,PH
159 WARD ST,RESIDENTIAL BURGLARY,3B,PH
194 HOLT AVE,AUTO THEFT,3C,NH
782 WIMBISH RD,AGGRAVATED ASSAULT,3B,N 
54 DAVIS ST,COMMERCIAL BURGLARY,3C,VW
1196 COURTLAND AVE,AGGRAVATED ASSAULT,3C,CH
3033 COLUMBUS RD,AGGRAVATED ASSAULT,4B,U
2451 BEECH AVE,RESIDENTIAL BURGLARY,3C,NH
2928 KING ALFRED DR,ENTERING AUTOMOBILE,3B,N 
3669 W NAPIER AVE,AUTO THEFT,3B,BC
3123 RIDGE AVE,ENTERING AUTOMOBILE,3B,I
3825 DRURY DR,ENTERING AUTOMOBILE,3B,I
3013 RIDGE AVE,ENTERING AUTOMOBILE,3C,I
3726 RIDGE AVE,ENTERING AUTOMOBILE,3B,I
1751 WREN AVE,ENTERING AUTOMOBILE,4B,AT
703 WOODARD AVE,AUTO THEFT,4B,U
2760 MONTPELIER AVE,AGGRAVATED ASSAULT,4B,U
288 LILLY AVE,RESIDENTIAL BURGLARY,4B,U
2429 KINGSLEY DR,ENTERING AUTOMOBILE,3B,VH
981 HILLCREST BLVD,COMMERCIAL BURGLARY,3B,HH
2356 INGLESIDE AVE,COMMERCIAL BURGLARY,3B,V
3375 HILLCREST AVE,ENTERING AUTOMOBILE,3C,HH
3476 AUSTIN AVE,ENTERING AUTOMOBILE,3C,HH
2694 CHEROKEE AVE,ENTERING AUTOMOBILE,3C,CH
2693 CHEROKEE AVE,ENTERING AUTOMOBILE,3C,CH
1232 BRENTWOOD AVE,ENTERING AUTOMOBILE,3C,BC
2741 SUWANEE AVE,ENTERING AUTOMOBILE,3C,CH
68 DAVIS ST,RESIDENTIAL BURGLARY,3B,VW
1259 BRENTWOOD AVE,ENTERING AUTOMOBILE,3C,BC
3224 VINEVILLE AVE,COMMERCIAL BURGLARY,3C,VW
1689 EISENHOWER PKWY,COMMERCIAL ROBBERY,4B,AT
2255 ANTHONY RD,ENTERING AUTOMOBILE,4B,U
1750 SWAN DR,ENTERING AUTOMOBILE,4B,AT
180 HIDDEN LAKES CT,ENTERING AUTOMOBILE,3C,B
2115 HAZELHURST AVE,AGGRAVATED ASSAULT,3C,V
2241 MONTPELIER AVE,ENTERING AUTOMOBILE,4B,NH
3600 NAPIER AVE,COMMERCIAL ROBBERY,3C,B
2963 COLUMBUS RD,RESIDENTIAL BURGLARY,4B,U
3861 MERCER ST,AGGRAVATED ASSAULT,3C,B
3229 MARY DR,AUTO THEFT,3A,HH
888 PIERCE AVE,COMMERCIAL BURGLARY,3B,NW
2926 RIVERSIDE DR,AUTO THEFT,3B,RV
1477 PIO NONO AVE,COMMERCIAL BURGLARY,4A,U
3479 MERCER UNIVERSITY DR,COMMERCIAL ROBBERY,4B,B
3308 MARY DR,RESIDENTIAL BURGLARY,3C,HH
575 BAXTER AVE,AGGRAVATED ASSAULT,3B,PH
2760 MONTPELIER AVE,AGGRAVATED ASSAULT,4B,U
553 MARJORIE PL,ENTERING AUTOMOBILE,3B,I
2405 ANTHONY CIR,RESIDENTIAL BURGLARY,4B,AT
3109 HILLCREST AVE,STREET ROBBERY,3C,HH
2653 HILLCREST AVE,ENTERING AUTOMOBILE,3C,CH
2253 BEECH AVE,RESIDENTIAL BURGLARY,3B,NH
2129 RIVERSIDE DR,COMMERCIAL BURGLARY,3B,RV
1042 CRESCENT AVE,ENTERING AUTOMOBILE,3C,CH
3330 RIDGE AVE,ENTERING AUTOMOBILE,3B,I
2904 CHERRY AVE,ENTERING AUTOMOBILE,3C,BC
2791 CHERRY AVE,ENTERING AUTOMOBILE,1C,BC
2120 MUTUAL AVE,AUTO THEFT,3B,PH
2369 KINGSLEY DR,RESIDENTIAL BURGLARY,3B,VH
2335 KINGSLEY DR,AGGRAVATED ASSAULT,3B,VH
3001 BONNEVILLE DR,ENTERING AUTOMOBILE,3C,BC
345 BLOSSOM AVE,ENTERING AUTOMOBILE,4B,U
1990 MALLARD AVE,AGGRAVATED ASSAULT,4B,AT
1988 HERON ST,AGGRAVATED ASSAULT,4B,AT
155 STRAIGHT ST,ENTERING AUTOMOBILE,3B,U
2027 CEDAR AVE,ENTERING AUTOMOBILE,4B,U
1520 WELLWORTH AVE,ENTERING AUTOMOBILE,3C,B
1158 ERNEST ST,ENTERING AUTOMOBILE,3C,BC
1509 CEDAR AVE,ENTERING AUTOMOBILE,4B,U
1076 CRESCENT AVE,ENTERING AUTOMOBILE,3C,CH
1390 PIO NONO AVE,AGGRAVATED ASSAULT,3C,NH
1726 WREN AVE,AGGRAVATED ASSAULT,4B,AT
40 BRIGHAM ST,AGGRAVATED ASSAULT,3C,VW
3390 SEATON DR,ENTERING AUTOMOBILE,3C,B
3554 PANAMA PL,ENTERING AUTOMOBILE,3C,HH
107 VILLAGE LN,ENTERING AUTOMOBILE,3B,N
3354 SEATON DR,ENTERING AUTOMOBILE,3C,B
2070 NEAL AVE,RESIDENTIAL BURGLARY,3B,PH
298 CLISBY PL,RESIDENTIAL BURGLARY,3C,V
1724 WREN AVE,RESIDENTIAL BURGLARY,4B,AT
3194 MARY DR,ENTERING AUTOMOBILE,3C,HH
3240 MERCER UNIVERSITY DR,COMMERCIAL BURGLARY,4B,U
3240 MERCER UNIVERSITY DR,COMMERCIAL BURGLARY,4B,U
3125 VINEVILLE AVE,COMMERCIAL BURGLARY,3B,I
1213 HILLYER AVE,ENTERING AUTOMOBILE,3C,BC
2949 KING ALFRED DR,ENTERING AUTOMOBILE,3B,N
1797 WREN AVE,AGGRAVATED ASSAULT,4B,AT
520 BAXTER AVE,ENTERING AUTOMOBILE,3B,PH
2480 RIVERSIDE DR,AUTO THEFT,3B,RV
3779 GRAND AVE,AGGRAVATED ASSAULT,3C,B   
116 CORBIN AVE,ENTERING AUTOMOBILE,3B,V
2373 NAPIER AVE,RESIDENTIAL BURGLARY,3C,NH
1150 LAWTON DR,RESIDENTIAL BURGLARY,3C,NH
213 RILEY AVE,HOMICIDE,3B,I
3253 MERCER UNIVERSITY DR,COMMERCIAL BURGLARY,4B,U
3135 BROOKWOOD DR,ENTERING AUTOMOBILE,3B,I
241 RILEY AVE,RESIDENTIAL BURGLARY,3C,I
191 HINES TER,ENTERING AUTOMOBILE,3B,V
3135 BROOKWOOD DR,ENTERING AUTOMOBILE,3B,I
2324 CLAYTON ST,ENTERING AUTOMOBILE,3A,V
3120 BROOKWOOD DR,ENTERING AUTOMOBILE,3A,I
1821 WREN AVE,RESIDENTIAL BURGLARY,4B,AT
1385 PIO NONO AVE,COMMERCIAL BURGLARY,3C,BC
351 HINES TER,ENTERING AUTOMOBILE,5D,V
2866 CHURCHILL ST,RESIDENTIAL BURGLARY,3C,BC
657 WOODRIDGE DR,ENTERING AUTOMOBILE,3A,W
635 PIO NONO AVE,ENTERING AUTOMOBILE,3C,CH
2020 VINEVILLE AVE,AGGRAVATED ASSAULT,3B,V
915 KEY ST,RESIDENTIAL BURGLARY,4B,AT
129 COMER TER,AGGRAVATED ASSAULT,3C,VW
1935 MALLARD AVE,AUTO THEFT,4B,AT
1389 PIO NONO AVE,COMMERCIAL BURGLARY,3C,BC
1192 BAILEY AVE,RESIDENTIAL BURGLARY,3C,BC
1864 CEDAR AVE,AGGRAVATED ASSAULT,4B,U
981 HILLCREST BLVD,COMMERCIAL BURGLARY,3B,HH
3381 TOOLE DR,ENTERING AUTOMOBILE,3C,B
3034 HILLCREST AVE,ENTERING AUTOMOBILE,3C,HH
135 BELVEDERE DR,AUTO THEFT,3B,I
2321 PARKER AVE,AUTO THEFT,3C,VH
3240 VISTA CIR,ENTERING AUTOMOBILE,3B,I
605 PIO NONO AVE,AUTO THEFT,3C,CH
2241 MONTPELIER AVE,ENTERING AUTOMOBILE,4B,NH
3338 SHAW DR,ENTERING AUTOMOBILE,3C,HH
851 WIMBISH RD,COMMERCIAL BURGLARY,3B,N
3378 BROOKDALE AVE,ENTERING AUTOMOBILE,3C,HH
3318 VINEVILLE AVE,ENTERING AUTOMOBILE,3B,VW
3318 VINEVILLE AVE,ENTERING AUTOMOBILE,3B,VW
833 EDWARDS AVE,ENTERING AUTOMOBILE,4C,U
2434 ANTHONY CIR,ENTERING AUTOMOBILE,4B,AT
266 POPPY AVE,ENTERING AUTOMOBILE,4B,U
1800 PIO NONO AVE,AUTO THEFT,4B,U
1389 PIO NONO AVE,AUTO THEFT,3C,BC
3439 KINGSBURY DR,STREET ROBBERY,3C,HH
CHEROKEE AVE  / PIO NONO AVE,STREET ROBBERY,3B,CH
748 WINDSOR RD,ENTERING AUTOMOBILE,3B,N
1320 CRAWFORD ST,ENTERING AUTOMOBILE,4A,AT
2251 LOWE ST,ENTERING AUTOMOBILE,4B,AT
NAPIER AVE  / HILLCREST AVE,AGGRAVATED ASSAULT,3C,CH
2480 RIVERSIDE DR,AUTO THEFT,3B,RV
PANSY AVE  / IRIS ST,AGGRAVATED ASSAULT,2A,U
1803 PIO NONO AVE,AUTO THEFT,4B,U
122 ROGERS AVE,ENTERING AUTOMOBILE,3B,V
2745 HILLCREST AVE,ENTERING AUTOMOBILE,3C,CH
2372 KINGSLEY DR,AUTO THEFT,3A,VH
1692 ANTHONY RD,AUTO THEFT,4B,AT
1508 BURTON AVE,AGGRAVATED ASSAULT,3C,BC
COLEMAN AVE  / DUNCAN AVE,AGGRAVATED ASSAULT,3C,NH
3190 MERCER UNIVERSITY DR,AGGRAVATED ASSAULT,4B,U
800 PIO NONO AVE,COMMERCIAL BURGLARY,3C,NH
3445 VINEVILLE AVE,ENTERING AUTOMOBILE,3C,I
2480 RIVERSIDE DR,AUTO THEFT,3A,VH
2305 VINEVILLE AVE,ENTERING AUTOMOBILE,3A,V 
124 COMER TER,AGGRAVATED ASSAULT,3C,VW
1055 COURTLAND AVE,AUTO THEFT,3C,CH
3369 RIDGE AVE,ENTERING AUTOMOBILE,3B,I
358 GAILLARD ST,STREET ROBBERY,3B,PH
205 ALBERMARLE PL,ENTERING AUTOMOBILE,3B,I
2480 RIVERSIDE DR,AUTO THEFT,3B,RV
800 PIO NONO AVE,COMMERCIAL BURGLARY,3C,NH
VINEVILLE AVE  / HOLMES AVE,AUTO THEFT,3B,V
1389 PIO NONO AVE,AUTO THEFT,3C,BC
STRAIGHT ST  / CEDAR AVE,AGGRAVATED ASSAULT,4B,U
811 PATTON AVE,AGGRAVATED ASSAULT,4B,U
2241 MONTPELIER AVE,ENTERING AUTOMOBILE,4C,NH
2268 BEECH AVE,AUTO THEFT,3C,NH
2241 MONTPELIER AVE,ENTERING AUTOMOBILE,4B,NH
2412 NAPIER AVE,AGGRAVATED ASSAULT,3C,NH
858 PATTON AVE,AGGRAVATED ASSAULT,4B,U
MUMFORD RD  / NAPIER AVE,AGGRAVATED ASSAULT,3C,HH
2416 VINEVILLE AVE,AGGRAVATED ASSAULT,3C,VW
SHORT ST  / BROOKDALE AVE,AGGRAVATED ASSAULT,3C,VW
1385 PATTERSON ST,RESIDENTIAL BURGLARY,3C,NH
365 ROGERS AVE,ENTERING AUTOMOBILE,3B,I
1990 RIVERSIDE DR,AGGRAVATED ASSAULT,3B,RV
1989 SHERIDAN AVE,RESIDENTIAL BURGLARY,3B,PH
2121 RIVERSIDE DR,AGGRAVATED ASSAULT,3B,RV
1706 SWAN DR,RESIDENTIAL BURGLARY,4B,AT
LAKE ST  / FAIRMONT AVE,AGGRAVATED ASSAULT,3C,VW
294 ALBERMARLE PL,ENTERING AUTOMOBILE,3B,I
2440 ANTHONY CIR,RESIDENTIAL BURGLARY,4B,AT
1803 PIO NONO AVE,AGGRAVATED ASSAULT,4B,U
3746 GRAND AVE,AGGRAVATED ASSAULT,3C,B
THIRD AVE  / BRIEF ST,AGGRAVATED ASSAULT,3B,PH
192 STRAIGHT ST,AUTO THEFT,4B,U
2187 MUTUAL AVE,AUTO THEFT,3C,PH
3746 ATLANTIC AVE,RESIDENTIAL BURGLARY,3C,B
824 ELLENWOOD CIR W,ENTERING AUTOMOBILE,3B,N
709 POPPY AVE,ENTERING AUTOMOBILE,4B,U
291 OAK HAVEN AVE,ENTERING AUTOMOBILE,3C,V
2141 GENERAL WINSHIP DR,RESIDENTIAL BURGLARY,3B,VH
520 BAXTER AVE,AGGRAVATED ASSAULT,3B,PH
1689 EISENHOWER PKWY,ENTERING AUTOMOBILE,4B,AT
2336 ENGLISH AVE,RESIDENTIAL BURGLARY,3C,V
800 PIO NONO AVE,COMMERCIAL BURGLARY,3C,NH
EDNA PL  / TOOLE DR,AGGRAVATED ASSAULT,3C,VW
3252 HILLCREST AVE,AGGRAVATED ASSAULT,3C,HH
3472 GLEDHILL ST,RESIDENTIAL BURGLARY,3C,BC
1251 PATTERSON ST,ENTERING AUTOMOBILE,3C,NH
330 RUBY ST,AGGRAVATED ASSAULT,3B,PH
330 RUBY ST,AGGRAVATED ASSAULT,3B,PH
2619 SUWANEE AVE,RESIDENTIAL BURGLARY,3C,CH
2206 ANTHONY TER,AUTO THEFT,4B,AT
600 PIO NONO AVE,COMMERCIAL BURGLARY,3C,NH
2720 RIVERSIDE DR,ENTERING AUTOMOBILE,3B,RV
3864 LAKE ST,COMMERCIAL BURGLARY,3C,VW
3156 W MARY DR,ENTERING AUTOMOBILE,3C,HH
129 COMER TER,AGGRAVATED ASSAULT,3C,VW
1724 SWAN DR,AUTO THEFT,4B,AT
1278 PATTERSON ST,AUTO THEFT,3C,NH
3415 AUSTIN AVE,ENTERING AUTOMOBILE,3C,VW
1537 CEDAR AVE,RESIDENTIAL BURGLARY,4B,U
ROFF AVE  / COMER TER,AGGRAVATED ASSAULT,3C,VW
160 CLEVELAND AVE,ENTERING AUTOMOBILE,3C,V
2227 MERCER UNIVERSITY DR,AGGRAVATED ASSAULT,4B,U
1803 PIO NONO AVE,AUTO THEFT,4B,U
3224 VINEVILLE AVE,COMMERCIAL BURGLARY,3C,VW
2241 MONTPELIER AVE,ENTERING AUTOMOBILE,4B,NH
2350 ENGLISH AVE,RESIDENTIAL BURGLARY,3C,V
330 RUBY ST,RESIDENTIAL BURGLARY,3B,PH
3335 GUTHRIE DR,AGGRAVATED ASSAULT,3C,HH
3561 CARROLL AVE,RESIDENTIAL BURGLARY,3C,HH
2760 MONTPELIER AVE,AUTO THEFT,4B,U
2375 PARKER AVE,RESIDENTIAL BURGLARY,3B,VH
3207 MATHESON DR,RESIDENTIAL BURGLARY,3C,HH
1526 DEXTER AVE,AUTO THEFT,3C,BC
2700 RIVERSIDE DR,ENTERING AUTOMOBILE,3B,RV
635 PIERCE AVE,AUTO THEFT,3B,NW
844 PIO NONO AVE,COMMERCIAL BURGLARY,3C,NH
3432 MERCER UNIVERSITY DR,COMMERCIAL BURGLARY,4B,AT
1971 HERON ST,AUTO THEFT,4B,AT
2587 DATE AVE,AGGRAVATED ASSAULT,3C,NH
932 PATTERSON ST,AGGRAVATED ASSAULT,3B,NH
3259 RIDGELAND AVE,AGGRAVATED ASSAULT,3C,B
2010 RIVERSIDE DR,AUTO THEFT,3B,RV
2010 RIVERSIDE DR,AGGRAVATED ASSAULT,3B,RV
2951 CASTLEWOODS DR,ENTERING AUTOMOBILE,3B,NW
2768 PINEWOOD DR,ENTERING AUTOMOBILE,3B,NW
3020 CASTLEWOODS DR,ENTERING AUTOMOBILE,3B,NW
3047 CASTLEWOODS DR,ENTERING AUTOMOBILE,3B,NW
2468 ANTHONY TER,AGGRAVATED ASSAULT,5D,AT
951 HILLCREST BLVD,AGGRAVATED ASSAULT,3C,HH
2062 MUTUAL AVE,AGGRAVATED ASSAULT,3C,PH
520 BAXTER AVE,AUTO THEFT,3B,PH
241 RILEY AVE,ARSON,3B,I
2728 W GREEN ST,AGGRAVATED ASSAULT,3C,CH
970 PATTERSON ST,ENTERING AUTOMOBILE,3C,NH
1323 BLACKMON AVE,ENTERING AUTOMOBILE,3C,NH
362 GAILLARD ST,RESIDENTIAL BURGLARY,3B,PH
VINEVILLE AVE  / FOREST AVE,AGGRAVATED ASSAULT,3C,PH
254 WARD ST,ENTERING AUTOMOBILE,3B,PH
461 FOREST HILL RD,ENTERING AUTOMOBILE,3B,N
3167 MARY DR,AUTO THEFT,3C,HH
3819 OVERLOOK AVE,AUTO THEFT,3B,I
2262 CLAYTON ST,ENTERING AUTOMOBILE,3B,V 
3441 RIDGE AVE,ENTERING AUTOMOBILE,3B,I
333 PIERCE AVE,ENTERING AUTOMOBILE,3B,NW
FOREST AVE  / WALNUT ST,STREET ROBBERY,3B,PH
504 HIGH POINT NORTH RD,ENTERING AUTOMOBILE,3B,N
2642 NORTHWOODS DR N,AGGRAVATED ASSAULT,3B,NW
3330 RIDGE AVE,RESIDENTIAL BURGLARY,3B,I
2604 CHEROKEE AVE,ENTERING AUTOMOBILE,3C,CH
811 PINEWOOD DR,ENTERING AUTOMOBILE,3B,NW
2140 INGLESIDE AVE,RESIDENTIAL BURGLARY,3B,VH
3506 PLYMOUTH DR,AGGRAVATED ASSAULT,3C,HH
3359 HILLCREST AVE,RESIDENTIAL BURGLARY,3C,HH
3028 MALVERN HILL DR,ENTERING AUTOMOBILE,3B,NW
1980 RIVERSIDE DR,ENTERING AUTOMOBILE,3B,RV
3252 VINEVILLE AVE,AUTO THEFT,3C,VW
1326 DUNCAN AVE,RESIDENTIAL BURGLARY,3C,NH
3425 HABERSHAM AVE,RESIDENTIAL BURGLARY,3C,HH
383 GRANT AVE,RESIDENTIAL BURGLARY,3B,PH
2368 KINGSLEY DR,AGGRAVATED ASSAULT,3B,VH
3198 MERCER UNIVERSITY DR,AUTO THEFT,4B,U
2241 MONTPELIER AVE,RESIDENTIAL BURGLARY,4B,NH
3056 OAKDALE AVE,AGGRAVATED ASSAULT,3C,BC
NAPIER AVE  / HILLCREST AVE,ENTERING AUTOMOBILE,3C,CH
2480 RIVERSIDE DR,AUTO THEFT,3B,RV
880 PIO NONO AVE,AGGRAVATED ASSAULT,3C,NH
146 CALLOWAY DR,ENTERING AUTOMOBILE,3B,V 
383 GRANT AVE,STREET ROBBERY,3B,PH
2432 RIVERSIDE DR,ENTERING AUTOMOBILE,3B,RV
3208 RIDGELAND AVE,AUTO THEFT,3C,B
NAPIER AVE  / BRENTWOOD AVE,STREET ROBBERY,3C,BC
2375 VINEVILLE AVE,ENTERING AUTOMOBILE,3C,I
3809 ATLANTIC AVE,RESIDENTIAL BURGLARY,3C,B
520 BAXTER AVE,RESIDENTIAL BURGLARY,3B,PH
1748 SWAN DR,ENTERING AUTOMOBILE,4B,AT
1451 BRENTWOOD AVE,AUTO THEFT,3C,BC
2154 RIVERSIDE DR,RESIDENTIAL BURGLARY,3B,RV
3048 NAPIER AVE,COMMERCIAL BURGLARY,3C,BC
2760 MONTPELIER AVE,HOMICIDE,4B,U
1803 PIO NONO AVE,AUTO THEFT,4B,U
1477 PIO NONO AVE,HOMICIDE,4B,U
293 HOLT AVE,COMMERCIAL BURGLARY,3C,NH
242 WARD ST,AUTO THEFT,3B,PH
242 WARD ST,AUTO THEFT,3B,PH
951 HILLCREST BLVD,ENTERING AUTOMOBILE,3B,HH
2677 NAPIER AVE,ARSON,3C,CH
GRANT AVE / SHERIDAN AVE,AGGRAVATED ASSAULT,3A,PH
762 WOODARD AVE,AGGRAVATED ASSAULT,4B,U
1141 BAILEY AVE,AGGRAVATED ASSAULT,3C,BC
167 LAMAR ST,AUTO THEFT,3B,PH
2390 KINGSLEY DR,RESIDENTIAL BURGLARY,3B,VH
1560 DEXTER AVE,AGGRAVATED ASSAULT,3C,BC
3486 GLYNN AVE,AUTO THEFT,3C,HH
3527 MORGAN DR,ENTERING AUTOMOBILE,3C,HH
2760 MONTPELIER AVE,STREET ROBBERY,4B,NH
1587 WELLWORTH AVE,COMMERCIAL BURGLARY,3C,BC
3462 MCKENZIE DR,ENTERING AUTOMOBILE,3C,HH
198 WARD ST,ENTERING AUTOMOBILE,3B,PH
192 WARD ST,ENTERING AUTOMOBILE,3B,PH
2319 CLAYTON ST,ENTERING AUTOMOBILE,3B,V
251 WARD ST,AGGRAVATED ASSAULT,3B,PH
1803 PIO NONO AVE,STREET ROBBERY,4B,U
2140 INGLESIDE AVE,AUTO THEFT,3B,VH
1288 BIRCH ST,ENTERING AUTOMOBILE,3C,NH
1587 WELLWORTH AVE,COMMERCIAL BURGLARY,3C,BC
3191 MERCER UNIVERSITY DR,AUTO THEFT,4B,U
2056 VINEVILLE AVE,AGGRAVATED ASSAULT,3C,V
1365 HARRIS ST,AGGRAVATED ASSAULT,4B,AT
735 PIERCE AVE,COMMERCIAL BURGLARY,3B,NW
365 ROGERS AVE,AUTO THEFT,3B,V
2264 ROBIN LYN COURT,ENTERING AUTOMOBILE,3B,V
3076 NAPIER AVE,COMMERCIAL BURGLARY,3C,BC
3600 NAPIER AVE,AUTO THEFT,3C,B
3197 RIDGE AVE,COMMERCIAL BURGLARY,3B,I
1546 BURTON AVE,AGGRAVATED ASSAULT,3C,BC
1578 COLONIAL DR,AUTO THEFT,3C,B
1336 PIO NONO AVE,COMMERCIAL BURGLARY,3C,NH
147 WARD ST,AGGRAVATED ASSAULT,3B,PH
2948 MALVERN HILL DR,ENTERING AUTOMOBILE,3B,NW
1212 HILLYER AVE,AGGRAVATED ASSAULT,3B,BC
1062 BARTLETT ST,AGGRAVATED ASSAULT,3C,BC
2580 RIVERSIDE DR,AUTO THEFT,3B,RV
165 WARD ST,RESIDENTIAL BURGLARY,3B,PH
556 EMILY PL,ENTERING AUTOMOBILE,3B,I
425 PETUNIA AVE,AUTO THEFT,4B,U
1777 SWAN DR,AGGRAVATED ASSAULT,4B,AT
3271 MARY DR,AGGRAVATED ASSAULT,3C,HH
3198 MERCER UNIVERSITY DR,AUTO THEFT,4B,U
211 OAK HAVEN AVE,ENTERING AUTOMOBILE,3C,V
3842 DRURY DR,ENTERING AUTOMOBILE,3B,I
3531 PLYMOUTH DR,ENTERING AUTOMOBILE,3C,VW
2020 RIVERSIDE DR,AUTO THEFT,3B,RV
1579 WELLWORTH AVE,RESIDENTIAL BURGLARY,3C,BC
193 BUFORD PL,ENTERING AUTOMOBILE,3B,V
2417 CLAYTON ST,ENTERING AUTOMOBILE,3B,V
382 GRANT AVE,AGGRAVATED ASSAULT,3B,PH
2020 RIVERSIDE DR,ENTERING AUTOMOBILE,3B,RV
221 BLOSSOM AVE,RESIDENTIAL BURGLARY,4B,U
800 PIO NONO AVE,COMMERCIAL BURGLARY,3C,NH
2056 VINEVILLE AVE,AUTO THEFT,3C,V
1864 SWAN DR,AUTO THEFT,4B,AT
1062 BARTLETT ST,AGGRAVATED ASSAULT,3C,BC
745 WIMBISH RD,ARSON,3B,NW
3615 OVERLOOK AVE,ENTERING AUTOMOBILE,3B,I
265 BELVEDERE DR,ENTERING AUTOMOBILE,3B,I
3482 AUSTIN AVE,AGGRAVATED ASSAULT,3C,HH
PIO NONO AVE  / MONTPELIER AVE,AGGRAVATED ASSAULT,4B,U
515 BARTLETT ST,ENTERING AUTOMOBILE,3C,BC
LILLY AVE  / COLUMBUS RD,AGGRAVATED ASSAULT,4B,U
221 BLOSSOM AVE,RESIDENTIAL BURGLARY,4B,U
1765 SWAN DR,AGGRAVATED ASSAULT,4B,AT
3674 NAPIER AVE,STREET ROBBERY,3C,B
PIO NONO AVE   ,AUTO THEFT,4B,U
2580 RIVERSIDE DR,AUTO THEFT,3B,RV
3553 VINEVILLE AVE,AUTO THEFT,3C,I
1459 EISENHOWER PKWY,AUTO THEFT,4B,AT
1952 MALLARD AVE,ENTERING AUTOMOBILE,4B,AT
2241 MONTPELIER AVE,AUTO THEFT,4B,NH
3434 STINSONVILLE RD,RESIDENTIAL BURGLARY,3B,NW
1974 MALLARD AVE,AUTO THEFT,4B,AT
2135 CEDAR AVE,ENTERING AUTOMOBILE,4B,U
BURTON AVE  / WINIFRED WAY,STREET ROBBERY,3C,NH
ELPIS ST  / GROSSO AVE,STREET ROBBERY,4B,U
2070 NEAL AVE,RESIDENTIAL BURGLARY,3B,PH
2241 MONTPELIER AVE,AUTO THEFT,4B,NH
2134 MUTUAL AVE,AUTO THEFT,3B,PH
3224 VINEVILLE AVE,COMMERCIAL BURGLARY,3C,VW
349 GRANT AVE,RESIDENTIAL BURGLARY,3B,PH
2336 ENGLISH AVE,AUTO THEFT,3C,V
1509 CEDAR AVE,AGGRAVATED ASSAULT,4B,U
900 PIO NONO AVE,AGGRAVATED ASSAULT,3C,NH
3304 MARY DR,AGGRAVATED ASSAULT,3C,HH
1827 SWAN DR,AUTO THEFT,4B,AT
2868 CHERRY AVE,AGGRAVATED ASSAULT,3C,BC
619 PIERCE AVE,ENTERING AUTOMOBILE,3B,NW
2064 VINEVILLE AVE,ENTERING AUTOMOBILE,3C,V
1241 BUENA VISTA DR,AGGRAVATED ASSAULT,3C,BC
2480 RIVERSIDE DR,AUTO THEFT,3B,RV
164 FOREST HILL RD,AGGRAVATED ASSAULT,3B,N  
341 CORBIN AVE,AGGRAVATED ASSAULT,3B,V
2060 MUTUAL AVE,ENTERING AUTOMOBILE,3B,PH
PIO NONO AVE  / MONTPELIER AVE,STREET ROBBERY,4B,U
2864 NAPIER AVE,AUTO THEFT,3C,BC
3460 OSBORNE PL,AUTO THEFT,3B,I
3183 MARY DR,RESIDENTIAL BURGLARY,3C,HH
ROY ST  / PIO NONO AVE,STREET ROBBERY,3C,BC
2010 RIVERSIDE DR,AGGRAVATED ASSAULT,3B,RV
1466 DENT ST,AUTO THEFT,4B,AT
75 SHORT ST,AGGRAVATED ASSAULT,3C,VW
841 PATTERSON ST,RESIDENTIAL BURGLARY,3C,NH
144 LAMAR ST,RESIDENTIAL BURGLARY,3B,PH
311 PIERCE AVE,AGGRAVATED ASSAULT,3B,V
751 LILLY AVE,AGGRAVATED ASSAULT,4B,U
3253 MERCER UNIVERSITY DR,COMMERCIAL BURGLARY,4B,B
3100 BROOKWOOD DR,AUTO THEFT,3B,I
382 GRANT AVE,AGGRAVATED ASSAULT,3B,PH
957 HILLCREST BLVD,COMMERCIAL BURGLARY,3C,HH
1315 DENT ST,STREET ROBBERY,4B,AT
260 MOUGHON ST,AGGRAVATED ASSAULT,3B,PH
2420 LOWE ST,AUTO THEFT,4B,AT
1514 DEXTER AVE,ENTERING AUTOMOBILE,3C,BC
2375 PARKER AVE,ENTERING AUTOMOBILE,3B,VH
1006 COURTLAND AVE,ENTERING AUTOMOBILE,3C,CH
2629 CHEROKEE AVE,ENTERING AUTOMOBILE,3C,CH
591 WOODARD AVE,AUTO THEFT,,U
90 GREEN ST,ARSON,3C,VW
3648 MORGAN DR,AGGRAVATED ASSAULT,3C,HH
1256 WINTON AVE,ENTERING AUTOMOBILE,3C,BC
520 BAXTER AVE,AUTO THEFT,3B,PH
2336 ENGLISH AVE,ENTERING AUTOMOBILE,3C,V
3260 MERCER UNIVERSITY DR,ENTERING AUTOMOBILE,4B,AT
632 WILLOW CREEK DR,ENTERING AUTOMOBILE,3B,N
2041 THIRD AVE,AGGRAVATED ASSAULT,3B,PH
3330 RIDGE AVE,RESIDENTIAL BURGLARY,3B,I
1990 RIVERSIDE DR,AGGRAVATED ASSAULT,3B,RV
166 GARDNER ST,AGGRAVATED ASSAULT,3C,VW
166 GARDNER ST,AUTO THEFT,3C,VW
3481 HILLCREST AVE,AUTO THEFT,3C,HH
211 OAK HAVEN AVE,ENTERING AUTOMOBILE,3C,V
234 CLEVELAND AVE,ENTERING AUTOMOBILE,3C,V
1573 PIO NONO AVE,COMMERCIAL BURGLARY,4B,U
205 ALBERMARLE PL,ENTERING AUTOMOBILE,3B,I
2864 ELLIS S EVANS SR ST,RESIDENTIAL BURGLARY,3C,BC
3360 BROOKDALE AVE,AUTO THEFT,3C,VW
2460 RIVERSIDE DR,COMMERCIAL BURGLARY,3B,RV
2060 MUTUAL AVE,RESIDENTIAL BURGLARY,3B,PH
1572 BERKNER AVE,AUTO THEFT,3C,BC
1572 BERKNER AVE,STREET ROBBERY,3C,BC
619 PIERCE AVE,ENTERING AUTOMOBILE,3B,NW
151 COMER TER,ENTERING AUTOMOBILE,3C,VW
151 COMER TER,RESIDENTIAL BURGLARY,3C,VW
110 MAY AVE,STREET ROBBERY,4B,U
3447 AUSTIN AVE,AGGRAVATED ASSAULT,3C,HH
3574 NAPIER AVE,RESIDENTIAL BURGLARY,3C,B  
3198 MERCER UNIVERSITY DR,AGGRAVATED ASSAULT,4B,U
3427 BROOKDALE AVE,COMMERCIAL BURGLARY,3C,VW
1959 MALLARD AVE,AUTO THEFT,4B,AT
1005 HENDLEY ST,RESIDENTIAL BURGLARY,3C,NH
3190 MERCER UNIVERSITY DR,ENTERING AUTOMOBILE,4B,U
1045 INVERNESS AVE,ENTERING AUTOMOBILE,3C,CH
726 GROSSO AVE,ENTERING AUTOMOBILE,4B,U
1711 KEY ST,AUTO THEFT,4B,AT
1711 KEY ST,COMMERCIAL BURGLARY,4B,AT
3204 W MARY DR,RESIDENTIAL BURGLARY,3C,HH
1950 MALLARD AVE,AGGRAVATED ASSAULT,4B,AT
3033 COLUMBUS RD,AGGRAVATED ASSAULT,4B,U
1990 RIVERSIDE DR,AUTO THEFT,3B,RV
2714 MONTPELIER AVE,ENTERING AUTOMOBILE,4B,U
501 HILLCREST INDUSTRIAL BLVD,ENTERING AUTOMOBILE,3A,HH
2926 RIVERSIDE DR,AUTO THEFT,3B,RV
2871 CHURCHILL ST,RESIDENTIAL BURGLARY,3C,BC
2960 ELLIS S EVANS SR ST,ENTERING AUTOMOBILE,3C,BC
2706 SUWANEE AVE,ENTERING AUTOMOBILE,3C,CH
2706 SUWANEE AVE,AGGRAVATED ASSAULT,3C,CH
584 BARTLETT ST,ENTERING AUTOMOBILE,3C,BC
2788 MONTPELIER AVE,STREET ROBBERY,4B,U
2720 RIVERSIDE DR,ENTERING AUTOMOBILE,3B,RV
1993 WALNUT ST,AGGRAVATED ASSAULT,3B,PH
717 PATTERSON ST,RESIDENTIAL BURGLARY,3C,NH
737 GROSSO AVE,RESIDENTIAL BURGLARY,4B,U
1451 BRENTWOOD AVE,AUTO THEFT,3C,BC
103 GREEN ST,RESIDENTIAL BURGLARY,3C,VW
3776 VINEVILLE AVE,AUTO THEFT,3C,VW
360 HINES TER,AUTO THEFT,3B,V
3788 ATLANTIC AVE,STREET ROBBERY,3C,B
2241 MONTPELIER AVE,ENTERING AUTOMOBILE,4B,NH
3045 GORDON ST,ARSON,3C,HH
BAILEY AVE  / CHURCHILL ST,AGGRAVATED ASSAULT,3C,BC
305 GRANT AVE,ARSON,3B,PH
1138 LAWTON DR,RESIDENTIAL BURGLARY,3C,NH
3465 VINEVILLE AVE,RESIDENTIAL BURGLARY,3C,I
1535 WELLWORTH AVE,AUTO THEFT,3C,BC
532 SAPP ST,ENTERING AUTOMOBILE,4B,U
3458 GLEDHILL ST,AGGRAVATED ASSAULT,3C,BC
2020 VINEVILLE AVE,ENTERING AUTOMOBILE,3C,V
2560 BEECH AVE,ENTERING AUTOMOBILE,3C,NH
1803 PIO NONO AVE,AUTO THEFT,4B,U
1426 HELON ST,AGGRAVATED ASSAULT,3C,BC
2800 RIVERSIDE DR,ENTERING AUTOMOBILE,3B,RV
2093 WALNUT ST,ARSON,3B,PH
2158 THIRD AVE,RESIDENTIAL BURGLARY,3B,PH
1976 HERON ST,AGGRAVATED ASSAULT,4B,AT
3070 OAKDALE AVE,AGGRAVATED ASSAULT,3C,BC
2789 MONTPELIER AVE,AGGRAVATED ASSAULT,4B,U
147 WARD ST,AGGRAVATED ASSAULT,3B,PH
2485 NAPIER AVE,AUTO THEFT,3C,NH
1993 WALNUT ST,AGGRAVATED ASSAULT,3B,PH
IRIS ST  / PANSY AVE,AGGRAVATED ASSAULT,4B,U
1734 EVELINE AVE,AUTO THEFT,4B,AT
1971 THIRD AVE,RESIDENTIAL BURGLARY,3B,PH
3198 MERCER UNIVERSITY DR,COMMERCIAL ROBBERY,4B,U
3230 MERCER UNIVERSITY DR,STREET ROBBERY,4B,AT
2177 THIRD AVE,AGGRAVATED ASSAULT,3B,PH
1807 WREN AVE,AGGRAVATED ASSAULT,4B,AT
2062 HART-SMITH ST,AUTO THEFT,3B,PH
3370 SHAW DR,RESIDENTIAL BURGLARY,3C,HH
631 PINKERTON ST,AUTO THEFT,3C,CH
631 PINKERTON ST,AUTO THEFT,3C,CH
631 PINKERTON ST,AUTO THEFT,3C,CH
1389 PIO NONO AVE,AUTO THEFT,3C,BC
163 GARDNER ST,ARSON,3C,VW
888 PIERCE AVE,AUTO THEFT,3B,NW
328 LINCOLN AVE,ARSON,3B,PH
3834 MERCER ST,AUTO THEFT,3C,B
1426 HELON ST,RESIDENTIAL BURGLARY,3C,BC
2526 DATE AVE,AGGRAVATED ASSAULT,3C,NH
324 ROGERS AVE,RESIDENTIAL BURGLARY,3B,V
2344 BERTHADALE AVE,RESIDENTIAL BURGLARY,3B,VH 
321 POPPY AVE,AGGRAVATED ASSAULT,4B,U
1389 PIO NONO AVE,AGGRAVATED ASSAULT,3C,BC
ANTHONY RD  / WREN AVE,AGGRAVATED ASSAULT,4B,AT
ANTHONY RD  / WREN AVE,HOMICIDE,4B,AT
2650 RIVERSIDE DR,AUTO THEFT,3B,RV
3190 MERCER UNIVERSITY DR,AGGRAVATED ASSAULT,4B,U
1803 PIO NONO AVE,AUTO THEFT,4B,U
2009 VINEVILLE AVE,RESIDENTIAL BURGLARY,3C,PH
3474 HABERSHAM AVE,AGGRAVATED ASSAULT,3C,HH
2056 VINEVILLE AVE,ENTERING AUTOMOBILE,3C,V
346 EDWARDS AVE,RESIDENTIAL BURGLARY,4B,U
1171 LAWTON DR,AUTO THEFT,3C,NH
1171 LAWTON DR,AGGRAVATED ASSAULT,3C,NH
951 HILLCREST BLVD,COMMERCIAL ROBBERY,3C,HH
3808 MERCER ST,RESIDENTIAL BURGLARY,3C,B
1689 EISENHOWER PKWY,COMMERCIAL BURGLARY,4B,AT
800 PIO NONO AVE,COMMERCIAL ROBBERY,3C,NH
276 CLISBY PL,AUTO THEFT,3C,V
2057 WALNUT ST,AGGRAVATED ASSAULT,3B,PH
2020 VINEVILLE AVE,AGGRAVATED ASSAULT,3C,V
2720 RIVERSIDE DR,AUTO THEFT,3B,RV
2140 INGLESIDE AVE,AGGRAVATED ASSAULT,3B,VH 
3224 VINEVILLE AVE,AGGRAVATED ASSAULT,3C,VW
3325 SHAW DR,RESIDENTIAL BURGLARY,3C,HH
2400 RIVERSIDE DR,AUTO THEFT,3B,RV
365 ROGERS AVE,AUTO THEFT,3B,V
2177 THIRD AVE,AGGRAVATED ASSAULT,3B,PH
2140 INGLESIDE AVE,ENTERING AUTOMOBILE,3B,VH
1356 COURTLAND AVE,ENTERING AUTOMOBILE,3C,CH
TYRONE BLVD  / VINEVILLE AVE,AUTO THEFT,3C,I
TYRONE BLVD  / VINEVILLE AVE,AUTO THEFT,3C,I
2800 RIVERSIDE DR,AUTO THEFT,3B,RV
1430 HELON ST,AGGRAVATED ASSAULT,3C,BC
1724 SWAN DR,AUTO THEFT,4B,AT
1389 PIO NONO AVE,STREET ROBBERY,3C,BC
ROSE AVE  / BROOKDALE AVE,COMMERCIAL BURGLARY,3C,VW
2024 ROFF AVE,COMMERCIAL BURGLARY,3C,NH
2940 RIVERSIDE DR,COMMERCIAL BURGLARY,3B,RV
1993 WALNUT ST,AGGRAVATED ASSAULT,3B,PH
3567 MORGAN DR,ENTERING AUTOMOBILE,3C,HH
3280 RIDGELAND AVE,RESIDENTIAL BURGLARY,3C,B
1459 EISENHOWER PKWY,AUTO THEFT,4B,AT
754 GRAYSON AVE,AGGRAVATED ASSAULT,4B,U
3260 TOOLE DR,RESIDENTIAL BURGLARY,3C,B
935 KEY ST,ENTERING AUTOMOBILE,4B,AT
365 ROGERS AVE,AGGRAVATED ASSAULT,3B,V
286 PIO NONO AVE,AUTO THEFT,3C,V
1758 SWAN DR,RESIDENTIAL BURGLARY,4B,AT
3125 VINEVILLE AVE,COMMERCIAL BURGLARY,3C,I
1477 PIO NONO AVE,AGGRAVATED ASSAULT,4B,U
3486 HABERSHAM AVE,ENTERING AUTOMOBILE,3C,HH
666 LEE RD,RESIDENTIAL BURGLARY,3B,NW
2067 ROOSEVELT AVE,AGGRAVATED ASSAULT,3B,PH
2072 BEECH AVE,AGGRAVATED ASSAULT,3C,NH
2072 BEECH AVE,RESIDENTIAL BURGLARY,3C,NH
1990 RIVERSIDE DR,AGGRAVATED ASSAULT,3B,RV
380 GAILLARD ST,RESIDENTIAL BURGLARY,3B,PH
212 RIDGEWOOD AVE,RESIDENTIAL BURGLARY,3B,I
2580 RIVERSIDE DR,COMMERCIAL ROBBERY,3B,RV
1977 HERON ST,AGGRAVATED ASSAULT,4B,AT
250 HOLT AVE,ENTERING AUTOMOBILE,3C,NH
2358 ANTHONY TER,AGGRAVATED ASSAULT,4B,AT
2700 RIVERSIDE DR,COMMERCIAL ROBBERY,3B,RV
211 BUFORD PL,ENTERING AUTOMOBILE,3B,V
2678 ROFF AVE,COMMERCIAL BURGLARY,3C,CH
1324 MACON AVE,AUTO THEFT,3C,BC
FOREST AVE  / WALNUT ST,AGGRAVATED ASSAULT,3B,PH
1337 RADIO DR,AGGRAVATED ASSAULT,3C,BC
2656 NAPIER AVE,COMMERCIAL BURGLARY,3C,BC
1692 ANTHONY RD,ENTERING AUTOMOBILE,4B,AT
